-- phpMyAdmin SQL Dump
-- version 5.2.1
-- https://www.phpmyadmin.net/
--
-- Host: 127.0.0.1
-- Generation Time: May 18, 2025 at 10:07 PM
-- Server version: 10.4.32-MariaDB
-- PHP Version: 8.2.12

SET SQL_MODE = "NO_AUTO_VALUE_ON_ZERO";
START TRANSACTION;
SET time_zone = "+00:00";


/*!40101 SET @OLD_CHARACTER_SET_CLIENT=@@CHARACTER_SET_CLIENT */;
/*!40101 SET @OLD_CHARACTER_SET_RESULTS=@@CHARACTER_SET_RESULTS */;
/*!40101 SET @OLD_COLLATION_CONNECTION=@@COLLATION_CONNECTION */;
/*!40101 SET NAMES utf8mb4 */;

--
-- Database: `perfumestore`
--

-- --------------------------------------------------------

--
-- Table structure for table `cache`
--

CREATE TABLE `cache` (
  `key` varchar(255) NOT NULL,
  `value` mediumtext NOT NULL,
  `expiration` int(11) NOT NULL
) ENGINE=InnoDB DEFAULT CHARSET=utf8mb4 COLLATE=utf8mb4_unicode_ci;

--
-- Dumping data for table `cache`
--

INSERT INTO `cache` (`key`, `value`, `expiration`) VALUES
('spatie.permission.cache', 'a:3:{s:5:\"alias\";a:5:{s:1:\"a\";s:2:\"id\";s:1:\"b\";s:4:\"name\";s:1:\"c\";s:12:\"display_name\";s:1:\"d\";s:10:\"guard_name\";s:1:\"r\";s:5:\"roles\";}s:11:\"permissions\";a:7:{i:0;a:5:{s:1:\"a\";i:1;s:1:\"b\";s:12:\"add_products\";s:1:\"c\";s:12:\"Add Products\";s:1:\"d\";s:3:\"web\";s:1:\"r\";a:1:{i:0;i:1;}}i:1;a:5:{s:1:\"a\";i:2;s:1:\"b\";s:13:\"edit_products\";s:1:\"c\";s:13:\"Edit Products\";s:1:\"d\";s:3:\"web\";s:1:\"r\";a:1:{i:0;i:1;}}i:2;a:5:{s:1:\"a\";i:3;s:1:\"b\";s:15:\"delete_products\";s:1:\"c\";s:15:\"Delete Products\";s:1:\"d\";s:3:\"web\";s:1:\"r\";a:1:{i:0;i:1;}}i:3;a:5:{s:1:\"a\";i:4;s:1:\"b\";s:10:\"show_users\";s:1:\"c\";s:10:\"Show Users\";s:1:\"d\";s:3:\"web\";s:1:\"r\";a:2:{i:0;i:1;i:1;i:2;}}i:4;a:5:{s:1:\"a\";i:5;s:1:\"b\";s:10:\"edit_users\";s:1:\"c\";s:10:\"Edit Users\";s:1:\"d\";s:3:\"web\";s:1:\"r\";a:2:{i:0;i:1;i:1;i:2;}}i:5;a:5:{s:1:\"a\";i:7;s:1:\"b\";s:12:\"delete_users\";s:1:\"c\";s:12:\"Delete Users\";s:1:\"d\";s:3:\"web\";s:1:\"r\";a:1:{i:0;i:1;}}i:6;a:5:{s:1:\"a\";i:8;s:1:\"b\";s:11:\"admin_users\";s:1:\"c\";s:11:\"Admin Users\";s:1:\"d\";s:3:\"web\";s:1:\"r\";a:1:{i:0;i:1;}}}s:5:\"roles\";a:2:{i:0;a:3:{s:1:\"a\";i:1;s:1:\"b\";s:5:\"Admin\";s:1:\"d\";s:3:\"web\";}i:1;a:3:{s:1:\"a\";i:2;s:1:\"b\";s:8:\"Employee\";s:1:\"d\";s:3:\"web\";}}}', 1747684434);

-- --------------------------------------------------------

--
-- Table structure for table `cache_locks`
--

CREATE TABLE `cache_locks` (
  `key` varchar(255) NOT NULL,
  `owner` varchar(255) NOT NULL,
  `expiration` int(11) NOT NULL
) ENGINE=InnoDB DEFAULT CHARSET=utf8mb4 COLLATE=utf8mb4_unicode_ci;

-- --------------------------------------------------------

--
-- Table structure for table `failed_jobs`
--

CREATE TABLE `failed_jobs` (
  `id` bigint(20) UNSIGNED NOT NULL,
  `uuid` varchar(255) NOT NULL,
  `connection` text NOT NULL,
  `queue` text NOT NULL,
  `payload` longtext NOT NULL,
  `exception` longtext NOT NULL,
  `failed_at` timestamp NOT NULL DEFAULT current_timestamp()
) ENGINE=InnoDB DEFAULT CHARSET=utf8mb4 COLLATE=utf8mb4_unicode_ci;

-- --------------------------------------------------------

--
-- Table structure for table `jobs`
--

CREATE TABLE `jobs` (
  `id` bigint(20) UNSIGNED NOT NULL,
  `queue` varchar(255) NOT NULL,
  `payload` longtext NOT NULL,
  `attempts` tinyint(3) UNSIGNED NOT NULL,
  `reserved_at` int(10) UNSIGNED DEFAULT NULL,
  `available_at` int(10) UNSIGNED NOT NULL,
  `created_at` int(10) UNSIGNED NOT NULL
) ENGINE=InnoDB DEFAULT CHARSET=utf8mb4 COLLATE=utf8mb4_unicode_ci;

-- --------------------------------------------------------

--
-- Table structure for table `job_batches`
--

CREATE TABLE `job_batches` (
  `id` varchar(255) NOT NULL,
  `name` varchar(255) NOT NULL,
  `total_jobs` int(11) NOT NULL,
  `pending_jobs` int(11) NOT NULL,
  `failed_jobs` int(11) NOT NULL,
  `failed_job_ids` longtext NOT NULL,
  `options` mediumtext DEFAULT NULL,
  `cancelled_at` int(11) DEFAULT NULL,
  `created_at` int(11) NOT NULL,
  `finished_at` int(11) DEFAULT NULL
) ENGINE=InnoDB DEFAULT CHARSET=utf8mb4 COLLATE=utf8mb4_unicode_ci;

-- --------------------------------------------------------

--
-- Table structure for table `migrations`
--

CREATE TABLE `migrations` (
  `id` int(10) UNSIGNED NOT NULL,
  `migration` varchar(255) NOT NULL,
  `batch` int(11) NOT NULL
) ENGINE=InnoDB DEFAULT CHARSET=utf8mb4 COLLATE=utf8mb4_unicode_ci;

--
-- Dumping data for table `migrations`
--

INSERT INTO `migrations` (`id`, `migration`, `batch`) VALUES
(1, '0001_01_01_000000_create_users_table', 1),
(2, '0001_01_01_000001_create_cache_table', 1),
(3, '0001_01_01_000002_create_jobs_table', 1),
(4, '2025_03_10_185119_create_permission_tables', 2);

-- --------------------------------------------------------

--
-- Table structure for table `model_has_permissions`
--

CREATE TABLE `model_has_permissions` (
  `permission_id` bigint(20) UNSIGNED NOT NULL,
  `model_type` varchar(255) NOT NULL,
  `model_id` bigint(20) UNSIGNED NOT NULL
) ENGINE=InnoDB DEFAULT CHARSET=utf8mb4 COLLATE=utf8mb4_unicode_ci;

-- --------------------------------------------------------

--
-- Table structure for table `model_has_roles`
--

CREATE TABLE `model_has_roles` (
  `role_id` bigint(20) UNSIGNED NOT NULL,
  `model_type` varchar(255) NOT NULL,
  `model_id` bigint(20) UNSIGNED NOT NULL
) ENGINE=InnoDB DEFAULT CHARSET=utf8mb4 COLLATE=utf8mb4_unicode_ci;

--
-- Dumping data for table `model_has_roles`
--

INSERT INTO `model_has_roles` (`role_id`, `model_type`, `model_id`) VALUES
(1, 'App\\Models\\User', 1),
(1, 'App\\Models\\User', 21),
(2, 'App\\Models\\User', 16),
(3, 'App\\Models\\User', 19),
(3, 'App\\Models\\User', 20),
(3, 'App\\Models\\User', 22),
(3, 'App\\Models\\User', 23);

-- --------------------------------------------------------

--
-- Table structure for table `password_reset_tokens`
--

CREATE TABLE `password_reset_tokens` (
  `email` varchar(255) NOT NULL,
  `token` varchar(255) NOT NULL,
  `created_at` timestamp NULL DEFAULT NULL
) ENGINE=InnoDB DEFAULT CHARSET=utf8mb4 COLLATE=utf8mb4_unicode_ci;

-- --------------------------------------------------------

--
-- Table structure for table `permissions`
--

CREATE TABLE `permissions` (
  `id` bigint(20) UNSIGNED NOT NULL,
  `name` varchar(255) NOT NULL,
  `display_name` varchar(128) DEFAULT NULL,
  `guard_name` varchar(255) NOT NULL,
  `created_at` timestamp NULL DEFAULT NULL,
  `updated_at` timestamp NULL DEFAULT NULL
) ENGINE=InnoDB DEFAULT CHARSET=utf8mb4 COLLATE=utf8mb4_unicode_ci;

--
-- Dumping data for table `permissions`
--

INSERT INTO `permissions` (`id`, `name`, `display_name`, `guard_name`, `created_at`, `updated_at`) VALUES
(1, 'add_products', 'Add Products', 'web', NULL, NULL),
(2, 'edit_products', 'Edit Products', 'web', NULL, NULL),
(3, 'delete_products', 'Delete Products', 'web', NULL, NULL),
(4, 'show_users', 'Show Users', 'web', NULL, NULL),
(5, 'edit_users', 'Edit Users', 'web', NULL, NULL),
(7, 'delete_users', 'Delete Users', 'web', NULL, NULL),
(8, 'admin_users', 'Admin Users', 'web', NULL, NULL);

-- --------------------------------------------------------

--
-- Table structure for table `products`
--

CREATE TABLE `products` (
  `id` bigint(20) UNSIGNED NOT NULL,
  `code` varchar(64) NOT NULL,
  `name` varchar(256) NOT NULL,
  `price` int(10) UNSIGNED NOT NULL,
  `model` varchar(128) NOT NULL,
  `description` text DEFAULT NULL,
  `photo` varchar(128) DEFAULT NULL,
  `created_at` timestamp NULL DEFAULT NULL,
  `updated_at` timestamp NULL DEFAULT NULL,
  `deleted_at` timestamp NULL DEFAULT NULL,
  `featured` tinyint(1) NOT NULL DEFAULT 0,
  `available_stock` int(10) UNSIGNED NOT NULL DEFAULT 10
) ENGINE=InnoDB DEFAULT CHARSET=utf8mb4 COLLATE=utf8mb4_unicode_ci;

--
-- Dumping data for table `products`
--

INSERT INTO `products` (`id`, `code`, `name`, `price`, `model`, `description`, `photo`, `created_at`, `updated_at`, `deleted_at`, `featured`, `available_stock`) VALUES
(1, 'TV01', 'LG TV 50 Insh', 28000, 'LG8768787', 'Lorem ipsum dolor sit amet, consectetur adipiscing elit, sed do eiusmod tempor incididunt ut labore et dolore magna aliqua. Ut enim ad minim veniam, quis nostrud exercitation ullamco laboris nisi ut aliquip ex ea commodo consequat. Duis aute irure dolor in reprehenderit in voluptate velit esse cillum dolore eu fugiat nulla pariatur. Excepteur sint occaecat cupidatat non proident, sunt in culpa qui officia deserunt mollit anim id est laborum.', '2(1).jpeg', NULL, '2025-02-25 06:40:56', NULL, 1, 10),
(2, 'RF01', 'Toshipa Refrigerator 14\"', 22000, 'TS76634', 'Lorem ipsum dolor sit amet, consectetur adipiscing elit, sed do eiusmod tempor incididunt ut labore et dolore magna aliqua. Ut enim ad minim veniam, quis nostrud exercitation ullamco laboris nisi ut aliquip ex ea commodo consequat. Duis aute irure dolor in reprehenderit in voluptate velit esse cillum dolore eu fugiat nulla pariatur. Excepteur sint occaecat cupidatat non proident, sunt in culpa qui officia deserunt mollit anim id est laborum.', '2(2).jpeg', NULL, NULL, NULL, 1, 10),
(3, 'RF02', 'Toshipa Refrigerator 18\"', 28000, 'TS76634', 'Lorem ipsum dolor sit amet, consectetur adipiscing elit, sed do eiusmod tempor incididunt ut labore et dolore magna aliqua. Ut enim ad minim veniam, quis nostrud exercitation ullamco laboris nisi ut aliquip ex ea commodo consequat. Duis aute irure dolor in reprehenderit in voluptate velit esse cillum dolore eu fugiat nulla pariatur. Excepteur sint occaecat cupidatat non proident, sunt in culpa qui officia deserunt mollit anim id est laborum.', '2(3).jpeg', NULL, NULL, NULL, 0, 10),
(4, 'RF03', 'Toshipa Refrigerator 19\"', 32000, 'TS76634', 'Lorem ipsum dolor sit amet, consectetur adipiscing elit, sed do eiusmod tempor incididunt ut labore et dolore magna aliqua. Ut enim ad minim veniam, quis nostrud exercitation ullamco laboris nisi ut aliquip ex ea commodo consequat. Duis aute irure dolor in reprehenderit in voluptate velit esse cillum dolore eu fugiat nulla pariatur. Excepteur sint occaecat cupidatat non proident, sunt in culpa qui officia deserunt mollit anim id est laborum.', '2(4).jpeg', NULL, NULL, NULL, 0, 10),
(5, 'TV02', 'LG TV 55\"', 23000, 'LG8768787', 'Lorem ipsum dolor sit amet, consectetur adipiscing elit, sed do eiusmod tempor incididunt ut labore et dolore magna aliqua. Ut enim ad minim veniam, quis nostrud exercitation ullamco laboris nisi ut aliquip ex ea commodo consequat. Duis aute irure dolor in reprehenderit in voluptate velit esse cillum dolore eu fugiat nulla pariatur. Excepteur sint occaecat cupidatat non proident, sunt in culpa qui officia deserunt mollit anim id est laborum.', '2(5).jpeg', NULL, NULL, NULL, 0, 10),
(6, 'RF04', 'LG Refrigerator 14\"', 22000, 'TS76634', 'Lorem ipsum dolor sit amet, consectetur adipiscing elit, sed do eiusmod tempor incididunt ut labore et dolore magna aliqua. Ut enim ad minim veniam, quis nostrud exercitation ullamco laboris nisi ut aliquip ex ea commodo consequat. Duis aute irure dolor in reprehenderit in voluptate velit esse cillum dolore eu fugiat nulla pariatur. Excepteur sint occaecat cupidatat non proident, sunt in culpa qui officia deserunt mollit anim id est laborum.', '4.jpeg', NULL, NULL, NULL, 0, 10),
(23, '002', 'mohamed', 1000, '20001', 'hh', '2 (1).jpeg', '2025-05-11 16:26:21', '2025-05-11 16:26:21', NULL, 0, 10),
(24, 'jpg-258', 'Jean Paul Gaultier de Bleu', 8000, 'Jean Paul Gaultier', 'The original men\'s fragrance by Gaultier. In a secret Garden of Eden, Gaultier opens the gates and Le Beau makes a striking appearance. The tone is set by his sculptural body, adorned only with a golden vine leaf. Beneath this couture detail, we discover a natural man who loves seduction and freedom in the simplest form. How can we not be captivated? His hypnotic personality, his exotically sensual Eau de Toilette. Nothing is more fresh and powerful than Le Beau.', 'JpgDeBlu.jpg', '2025-05-18 16:58:44', '2025-05-18 16:59:22', NULL, 0, 10);

-- --------------------------------------------------------

--
-- Table structure for table `roles`
--

CREATE TABLE `roles` (
  `id` bigint(20) UNSIGNED NOT NULL,
  `name` varchar(255) NOT NULL,
  `guard_name` varchar(255) NOT NULL,
  `created_at` timestamp NULL DEFAULT NULL,
  `updated_at` timestamp NULL DEFAULT NULL
) ENGINE=InnoDB DEFAULT CHARSET=utf8mb4 COLLATE=utf8mb4_unicode_ci;

--
-- Dumping data for table `roles`
--

INSERT INTO `roles` (`id`, `name`, `guard_name`, `created_at`, `updated_at`) VALUES
(1, 'Admin', 'web', NULL, NULL),
(2, 'Employee', 'web', NULL, NULL),
(3, 'Customer', 'web', NULL, NULL);

-- --------------------------------------------------------

--
-- Table structure for table `role_has_permissions`
--

CREATE TABLE `role_has_permissions` (
  `permission_id` bigint(20) UNSIGNED NOT NULL,
  `role_id` bigint(20) UNSIGNED NOT NULL
) ENGINE=InnoDB DEFAULT CHARSET=utf8mb4 COLLATE=utf8mb4_unicode_ci;

--
-- Dumping data for table `role_has_permissions`
--

INSERT INTO `role_has_permissions` (`permission_id`, `role_id`) VALUES
(1, 1),
(2, 1),
(3, 1),
(4, 1),
(4, 2),
(5, 1),
(5, 2),
(7, 1),
(8, 1);

-- --------------------------------------------------------

--
-- Table structure for table `sessions`
--

CREATE TABLE `sessions` (
  `id` varchar(255) NOT NULL,
  `user_id` bigint(20) UNSIGNED DEFAULT NULL,
  `ip_address` varchar(45) DEFAULT NULL,
  `user_agent` text DEFAULT NULL,
  `payload` longtext NOT NULL,
  `last_activity` int(11) NOT NULL
) ENGINE=InnoDB DEFAULT CHARSET=utf8mb4 COLLATE=utf8mb4_unicode_ci;

--
-- Dumping data for table `sessions`
--

INSERT INTO `sessions` (`id`, `user_id`, `ip_address`, `user_agent`, `payload`, `last_activity`) VALUES
('5ItxNYvBuTlrasXFQeMHu4e97V1cXhaiJrNuLkct', NULL, '127.0.0.1', 'Mozilla/5.0 (Windows NT 10.0; Win64; x64) AppleWebKit/537.36 (KHTML, like Gecko) Chrome/136.0.0.0 Safari/537.36', 'YTo0OntzOjY6Il90b2tlbiI7czo0MDoiMjVWV0k4dnFoWUpHbzZKb2NwSGpLTjVpWkxBVGllNjNBNkg1UkV2ZCI7czozOiJ1cmwiO2E6MTp7czo4OiJpbnRlbmRlZCI7czoyMToiaHR0cDovLzEyNy4wLjAuMTo4MDAwIjt9czo5OiJfcHJldmlvdXMiO2E6MTp7czozOiJ1cmwiO3M6Mjc6Imh0dHA6Ly8xMjcuMC4wLjE6ODAwMC9sb2dpbiI7fXM6NjoiX2ZsYXNoIjthOjI6e3M6Mzoib2xkIjthOjA6e31zOjM6Im5ldyI7YTowOnt9fX0=', 1747595065),
('ELorpAIzjVw2VUw3x58uhhuGoc0YOTMf336BY3AU', 23, '127.0.0.1', 'Mozilla/5.0 (Windows NT 10.0; Win64; x64) AppleWebKit/537.36 (KHTML, like Gecko) Chrome/136.0.0.0 Safari/537.36', 'YTo0OntzOjY6Il90b2tlbiI7czo0MDoiOEdsSUR5YTV6UjlYa1lmSHV0dEV6TU5UV1FFVkJvcmRMbWVTMEMxcSI7czo1MDoibG9naW5fd2ViXzU5YmEzNmFkZGMyYjJmOTQwMTU4MGYwMTRjN2Y1OGVhNGUzMDk4OWQiO2k6MjM7czo5OiJfcHJldmlvdXMiO2E6MTp7czozOiJ1cmwiO3M6MzAwOiJodHRwczovL3Byb2R1Y3Qtc3RvcmUudGVzdC92ZXJpZnk/dG9rZW49ZXlKcGRpSTZJbWR5ZUZKNmJDdEJMMnRrVjNaVWQyVjBWVWR5V0djOVBTSXNJblpoYkhWbElqb2lhR3hKTldkRFYzUmlWVlpYV0VWemNsRjRZbmh4UW05cWVEZzBaelphYkVaTWFEVTNkbmxpU21KNU9FTmxka0pMZVdJeE9XOVJTRWxCVFVOT1JFdFFRaUlzSW0xaFl5STZJakpqT1RNM1l6RmhNVFpoWkRFeFlUUmxPRFptWlRBM016VXhaRGcxTVdVMk0yWmlPR0kxWlRVMlpqRXhaR016T1RjM05EZGtORGxoT0RJMVlXRmlZVGdpTENKMFlXY2lPaUlpZlElM0QlM0QiO31zOjY6Il9mbGFzaCI7YToyOntzOjM6Im9sZCI7YTowOnt9czozOiJuZXciO2E6MDp7fX19', 1747597932),
('tUQ3AWd6bEsbCu4rrq38jjdkNI1kqik1kk592FNE', 21, '127.0.0.1', 'Mozilla/5.0 (Windows NT 10.0; Win64; x64) AppleWebKit/537.36 (KHTML, like Gecko) Chrome/136.0.0.0 Safari/537.36', 'YTo1OntzOjY6Il90b2tlbiI7czo0MDoiNE16ZFlIOXNjWTdreDZXRmU0MVl4ejllWjFJeGdXdEsxMVBvekFnNyI7czozOiJ1cmwiO2E6MTp7czo4OiJpbnRlbmRlZCI7czoyNjoiaHR0cHM6Ly9wcm9kdWN0LXN0b3JlLnRlc3QiO31zOjk6Il9wcmV2aW91cyI7YToxOntzOjM6InVybCI7czo0MDoiaHR0cHM6Ly9wcm9kdWN0LXN0b3JlLnRlc3QvdXNlcnMvZWRpdC8yMyI7fXM6NjoiX2ZsYXNoIjthOjI6e3M6Mzoib2xkIjthOjA6e31zOjM6Im5ldyI7YTowOnt9fXM6NTA6ImxvZ2luX3dlYl81OWJhMzZhZGRjMmIyZjk0MDE1ODBmMDE0YzdmNThlYTRlMzA5ODlkIjtpOjIxO30=', 1747598677);

-- --------------------------------------------------------

--
-- Table structure for table `users`
--

CREATE TABLE `users` (
  `id` bigint(20) UNSIGNED NOT NULL,
  `name` varchar(255) NOT NULL,
  `email` varchar(255) NOT NULL,
  `email_verified_at` timestamp NULL DEFAULT NULL,
  `password` varchar(255) NOT NULL,
  `remember_token` varchar(100) DEFAULT NULL,
  `created_at` timestamp NULL DEFAULT NULL,
  `updated_at` timestamp NULL DEFAULT NULL
) ENGINE=InnoDB DEFAULT CHARSET=utf8mb4 COLLATE=utf8mb4_unicode_ci;

--
-- Dumping data for table `users`
--

INSERT INTO `users` (`id`, `name`, `email`, `email_verified_at`, `password`, `remember_token`, `created_at`, `updated_at`) VALUES
(1, 'Ahmed Saleh', 'mohamed.saleh@sut.edu.eg', '2025-05-11 16:09:04', '$2y$12$M/Yzb7zC7rYhZ9tkKBGL1.NZ8PnR./kPtAwLlh.aflbSUwziZxtHS', NULL, '2025-03-10 16:34:55', '2025-03-18 00:45:51'),
(16, 'Ahmed Ali Said', 'malisobh2010@gmail.com', '2025-05-11 16:09:04', '$2y$12$M/Yzb7zC7rYhZ9tkKBGL1.NZ8PnR./kPtAwLlh.aflbSUwziZxtHS', NULL, '2025-03-11 05:32:37', '2025-03-18 01:54:30'),
(17, 'Nader Mohsen', 'nader.mohsen@gmail.com', '2025-05-11 16:09:04', '$2y$12$M/Yzb7zC7rYhZ9tkKBGL1.NZ8PnR./kPtAwLlh.aflbSUwziZxtHS', NULL, '2025-03-18 01:02:26', '2025-03-18 01:59:02'),
(18, 'Mooooooooooooo', 'mdhanyasker@gmail.com', '2025-05-11 16:09:04', '$2y$12$FPyMtr9dPxN0GV4uOl/Rg.Jf610.7KGefv.CodZzEOc5Sbpav.z3K', NULL, NULL, NULL),
(19, 'Mooooooooooooo', 'mnyasker@gmail.com', '2025-05-11 16:08:57', '$2y$12$OUb.4D6u3l70Oc4e8YzmIu4oBYfxA9E6CbHArkyO6aTtlIVZLsK.e', NULL, NULL, NULL),
(20, 'mohamed askar', 'huss44@gmail.com', '2025-05-11 16:09:04', '$2y$12$M/Yzb7zC7rYhZ9tkKBGL1.NZ8PnR./kPtAwLlh.aflbSUwziZxtHS', NULL, NULL, NULL),
(21, 'yassin', 'yassin.shaher2005@gmail.com', '2025-05-18 16:24:50', '$2y$12$ChO03f.WxQk1OhH9hLrENOGgPOGSyWlIbJOm1HGQysx9Mr6IZuq7O', NULL, NULL, NULL),
(22, 'testEmail', 'test@gmail.com', NULL, '$2y$12$wWP001NGr.Rdwig3IJ785u57gR7wpGieu07mIHGOI2dLIkajd494m', NULL, NULL, NULL),
(23, 'yassin2', 'yassinchinco@gmail.com', '2025-05-18 16:52:12', '$2y$12$1ILE8oUIkgU02aPZEmcR8eAs8NBKPS7Ub/h/JEhEzdy9YiFQkirfO', NULL, NULL, NULL);

--
-- Indexes for dumped tables
--

--
-- Indexes for table `cache`
--
ALTER TABLE `cache`
  ADD PRIMARY KEY (`key`);

--
-- Indexes for table `cache_locks`
--
ALTER TABLE `cache_locks`
  ADD PRIMARY KEY (`key`);

--
-- Indexes for table `failed_jobs`
--
ALTER TABLE `failed_jobs`
  ADD PRIMARY KEY (`id`),
  ADD UNIQUE KEY `failed_jobs_uuid_unique` (`uuid`);

--
-- Indexes for table `jobs`
--
ALTER TABLE `jobs`
  ADD PRIMARY KEY (`id`),
  ADD KEY `jobs_queue_index` (`queue`);

--
-- Indexes for table `job_batches`
--
ALTER TABLE `job_batches`
  ADD PRIMARY KEY (`id`);

--
-- Indexes for table `migrations`
--
ALTER TABLE `migrations`
  ADD PRIMARY KEY (`id`);

--
-- Indexes for table `model_has_permissions`
--
ALTER TABLE `model_has_permissions`
  ADD PRIMARY KEY (`permission_id`,`model_id`,`model_type`),
  ADD KEY `model_has_permissions_model_id_model_type_index` (`model_id`,`model_type`);

--
-- Indexes for table `model_has_roles`
--
ALTER TABLE `model_has_roles`
  ADD PRIMARY KEY (`role_id`,`model_id`,`model_type`),
  ADD KEY `model_has_roles_model_id_model_type_index` (`model_id`,`model_type`);

--
-- Indexes for table `password_reset_tokens`
--
ALTER TABLE `password_reset_tokens`
  ADD PRIMARY KEY (`email`);

--
-- Indexes for table `permissions`
--
ALTER TABLE `permissions`
  ADD PRIMARY KEY (`id`),
  ADD UNIQUE KEY `permissions_name_guard_name_unique` (`name`,`guard_name`);

--
-- Indexes for table `products`
--
ALTER TABLE `products`
  ADD PRIMARY KEY (`id`);

--
-- Indexes for table `roles`
--
ALTER TABLE `roles`
  ADD PRIMARY KEY (`id`),
  ADD UNIQUE KEY `roles_name_guard_name_unique` (`name`,`guard_name`);

--
-- Indexes for table `role_has_permissions`
--
ALTER TABLE `role_has_permissions`
  ADD PRIMARY KEY (`permission_id`,`role_id`),
  ADD KEY `role_has_permissions_role_id_foreign` (`role_id`);

--
-- Indexes for table `sessions`
--
ALTER TABLE `sessions`
  ADD PRIMARY KEY (`id`),
  ADD KEY `sessions_user_id_index` (`user_id`),
  ADD KEY `sessions_last_activity_index` (`last_activity`);

--
-- Indexes for table `users`
--
ALTER TABLE `users`
  ADD PRIMARY KEY (`id`),
  ADD UNIQUE KEY `users_email_unique` (`email`);

--
-- AUTO_INCREMENT for dumped tables
--

--
-- AUTO_INCREMENT for table `failed_jobs`
--
ALTER TABLE `failed_jobs`
  MODIFY `id` bigint(20) UNSIGNED NOT NULL AUTO_INCREMENT;

--
-- AUTO_INCREMENT for table `jobs`
--
ALTER TABLE `jobs`
  MODIFY `id` bigint(20) UNSIGNED NOT NULL AUTO_INCREMENT;

--
-- AUTO_INCREMENT for table `migrations`
--
ALTER TABLE `migrations`
  MODIFY `id` int(10) UNSIGNED NOT NULL AUTO_INCREMENT, AUTO_INCREMENT=5;

--
-- AUTO_INCREMENT for table `permissions`
--
ALTER TABLE `permissions`
  MODIFY `id` bigint(20) UNSIGNED NOT NULL AUTO_INCREMENT, AUTO_INCREMENT=9;

--
-- AUTO_INCREMENT for table `products`
--
ALTER TABLE `products`
  MODIFY `id` bigint(20) UNSIGNED NOT NULL AUTO_INCREMENT, AUTO_INCREMENT=25;

--
-- AUTO_INCREMENT for table `roles`
--
ALTER TABLE `roles`
  MODIFY `id` bigint(20) UNSIGNED NOT NULL AUTO_INCREMENT, AUTO_INCREMENT=4;

--
-- AUTO_INCREMENT for table `users`
--
ALTER TABLE `users`
  MODIFY `id` bigint(20) UNSIGNED NOT NULL AUTO_INCREMENT, AUTO_INCREMENT=24;

--
-- Constraints for dumped tables
--

--
-- Constraints for table `model_has_permissions`
--
ALTER TABLE `model_has_permissions`
  ADD CONSTRAINT `model_has_permissions_permission_id_foreign` FOREIGN KEY (`permission_id`) REFERENCES `permissions` (`id`) ON DELETE CASCADE;

--
-- Constraints for table `model_has_roles`
--
ALTER TABLE `model_has_roles`
  ADD CONSTRAINT `model_has_roles_role_id_foreign` FOREIGN KEY (`role_id`) REFERENCES `roles` (`id`) ON DELETE CASCADE;

--
-- Constraints for table `role_has_permissions`
--
ALTER TABLE `role_has_permissions`
  ADD CONSTRAINT `role_has_permissions_permission_id_foreign` FOREIGN KEY (`permission_id`) REFERENCES `permissions` (`id`) ON DELETE CASCADE,
  ADD CONSTRAINT `role_has_permissions_role_id_foreign` FOREIGN KEY (`role_id`) REFERENCES `roles` (`id`) ON DELETE CASCADE;
COMMIT;

/*!40101 SET CHARACTER_SET_CLIENT=@OLD_CHARACTER_SET_CLIENT */;
/*!40101 SET CHARACTER_SET_RESULTS=@OLD_CHARACTER_SET_RESULTS */;
/*!40101 SET COLLATION_CONNECTION=@OLD_COLLATION_CONNECTION */;
